0.6719426512718201,0.7272984385490417,0.600464403629303,0.6855225563049316,0.554238498210907,0.5950198173522949,0.5465059876441956,0.5162575244903564,0.546306312084198,0.45009946823120117,0.6018575429916382,0.5111735463142395,0.5769678354263306,0.49989786744117737,0.584430456161499,0.5647767782211304,0.5904995799064636,0.6194106340408325,0.6452118158340454,0.5093360543251038,0.6150513291358948,0.5012028217315674,0.61980140209198,0.5764402151107788,0.6244100332260132,0.6365878582000732,0.6890943646430969,0.5190424919128418,0.6573618650436401,0.5161632895469666,0.6575955152511597,0.5941898226737976,0.6600021123886108,0.6518316864967346,0.7334524393081665,0.5381179451942444,0.7019306421279907,0.527328372001648,0.6945982575416565,0.5807178020477295,0.6952559947967529,0.6215576529502869,A
0.6615999341011047,0.7021247744560242,0.5883653163909912,0.6609096527099609,0.539962112903595,0.5714715123176575,0.5308812856674194,0.4913429617881775,0.5283987522125244,0.42441731691360474,0.5814785361289978,0.4917767345905304,0.5575652122497559,0.47096455097198486,0.5661593675613403,0.5374234318733215,0.5732426047325134,0.5941452980041504,0.6244295239448547,0.48870354890823364,0.5933389067649841,0.4721364378929138,0.5992329716682434,0.5520260334014893,0.6056848168373108,0.6111670732498169,0.6682525277137756,0.4954538345336914,0.6351903080940247,0.484443724155426,0.6362471580505371,0.5674164295196533,0.6398892998695374,0.6245303153991699,0.7127431631088257,0.5112280249595642,0.6770411133766174,0.5015749335289001,0.672097384929657,0.5599992871284485,0.6753898859024048,0.598907470703125,A
0.6581056118011475,0.6885397434234619,0.5881289839744568,0.6525741219520569,0.5408502221107483,0.5673972964286804,0.5310297012329102,0.4886385202407837,0.527590274810791,0.4219616651535034,0.5805020928382874,0.4918935298919678,0.5582772493362427,0.4642412066459656,0.5637956857681274,0.5256338715553284,0.5690097212791443,0.5804693102836609,0.6215806603431702,0.48860299587249756,0.5922883749008179,0.46449553966522217,0.595844030380249,0.5411742925643921,0.6013246774673462,0.5997990369796753,0.6642178893089294,0.49419522285461426,0.6332654356956482,0.4774332642555237,0.6333332657814026,0.5576896667480469,0.6372591853141785,0.6129658222198486,0.7086396813392639,0.5074368119239807,0.6743125915527344,0.49342581629753113,0.669828474521637,0.5468045473098755,0.6743260025978088,0.582908034324646,A
0.665287435054779,0.6895444393157959,0.5961765050888062,0.6533225178718567,0.5494615435600281,0.5657537579536438,0.539802610874176,0.4875289797782898,0.5357816815376282,0.4216027557849884,0.5893248915672302,0.4889488220214844,0.566289484500885,0.464461088180542,0.5736685991287231,0.5269291996955872,0.580701470375061,0.5835216045379639,0.6299687623977661,0.4858261048793793,0.5991149544715881,0.4646160900592804,0.6049332022666931,0.5398308634757996,0.6117568612098694,0.5987184047698975,0.6718196868896484,0.4912341237068176,0.6396960020065308,0.4791920483112335,0.6417667269706726,0.5577402114868164,0.6462594866752625,0.612493634223938,0.7151123285293579,0.5043850541114807,0.6804872751235962,0.492914617061615,0.6764190196990967,0.547049880027771,0.6808704137802124,0.5836170315742493,A
0.6682921051979065,0.6817557215690613,0.5959715247154236,0.644204318523407,0.548065185546875,0.5607385039329529,0.5386837720870972,0.4819791316986084,0.5349559783935547,0.41714906692504883,0.591623067855835,0.48379620909690857,0.566600501537323,0.457620233297348,0.575944185256958,0.521687924861908,0.5855698585510254,0.5774509310722351,0.6321298480033875,0.48173803091049194,0.6014919281005859,0.4598255157470703,0.608880341053009,0.5367333889007568,0.6162925958633423,0.5940715670585632,0.6735758185386658,0.487643301486969,0.6418638229370117,0.4675068259239197,0.644542932510376,0.5475833415985107,0.6487456560134888,0.6039067506790161,0.7163418531417847,0.5018212199211121,0.6824703216552734,0.4838174283504486,0.6785401701927185,0.5393466353416443,0.682030439376831,0.578869104385376,A
0.670012354850769,0.6757465600967407,0.5977184772491455,0.6403670310974121,0.5502452850341797,0.5564687252044678,0.5413010120391846,0.4782748222351074,0.5361906290054321,0.4141492247581482,0.5881651043891907,0.48204973340034485,0.5656164288520813,0.45624175667762756,0.5745518207550049,0.5173153281211853,0.5820978283882141,0.5714765787124634,0.6296623945236206,0.47906509041786194,0.6008142828941345,0.4565171003341675,0.6077407598495483,0.5323218703269958,0.6148730516433716,0.5898330211639404,0.6721770167350769,0.4844173192977905,0.6425350308418274,0.46733906865119934,0.6449596285820007,0.5470237135887146,0.6491230130195618,0.6027947664260864,0.7161455154418945,0.4974769949913025,0.6846624612808228,0.48266592621803284,0.6806286573410034,0.5364827513694763,0.6836551427841187,0.5736740231513977,A
0.6637056469917297,0.6730265617370605,0.5934414267539978,0.6350603699684143,0.5469371676445007,0.5525808930397034,0.5380323529243469,0.47581836581230164,0.5344895124435425,0.41132619976997375,0.5879174470901489,0.48121702671051025,0.5657334327697754,0.4593283534049988,0.5738287568092346,0.5179811716079712,0.5824064612388611,0.5717443227767944,0.6281957626342773,0.4788702130317688,0.5996832847595215,0.4542081654071808,0.6038550138473511,0.5264738202095032,0.610614001750946,0.585092306137085,0.6695085167884827,0.4841451048851013,0.6405795216560364,0.46766820549964905,0.640253484249115,0.5445988774299622,0.643645167350769,0.6001453995704651,0.712894082069397,0.4965832829475403,0.6808571815490723,0.4813769459724426,0.6753156185150146,0.5346017479896545,0.6780372858047485,0.5735287666320801,A
0.6604791283607483,0.671266496181488,0.5911315679550171,0.6371957659721375,0.5446704626083374,0.5537930130958557,0.5361232757568359,0.4777841567993164,0.5321230888366699,0.4143562912940979,0.5849801898002625,0.48529136180877686,0.5630737543106079,0.4570005536079407,0.5685477256774902,0.5128402709960938,0.5745552778244019,0.5654938220977783,0.6241607666015625,0.4820402264595032,0.5963567495346069,0.4534822404384613,0.600063681602478,0.5264891982078552,0.6068084239959717,0.5847823023796082,0.6655088067054749,0.48660820722579956,0.6360525488853455,0.46623119711875916,0.6370042562484741,0.5430356860160828,0.6423484683036804,0.5978232026100159,0.709347128868103,0.4983592629432678,0.6774855256080627,0.47981685400009155,0.6730319857597351,0.5307973623275757,0.6774548888206482,0.5678971409797668,A
0.6614139080047607,0.6711962223052979,0.5916523933410645,0.636921763420105,0.5437917709350586,0.5528167486190796,0.5337882041931152,0.47614720463752747,0.5293900370597839,0.41176509857177734,0.5833817720413208,0.47795915603637695,0.5595808625221252,0.4577159285545349,0.5661759972572327,0.5158321261405945,0.5730903744697571,0.5689826011657715,0.6228294968605042,0.4750341475009918,0.5933588743209839,0.45336413383483887,0.5981652736663818,0.5260370373725891,0.6048805117607117,0.5843331217765808,0.6640335321426392,0.47981664538383484,0.6340944170951843,0.46504995226860046,0.635290265083313,0.5421812534332275,0.6401315927505493,0.5974349975585938,0.7073501944541931,0.49162644147872925,0.6730246543884277,0.47818219661712646,0.6692471504211426,0.5314319729804993,0.6743012070655823,0.5691789984703064,A
0.6628819704055786,0.6794549226760864,0.5942875146865845,0.6468402147293091,0.5466946363449097,0.5655641555786133,0.536146342754364,0.4883580207824707,0.5328599810600281,0.4240768253803253,0.5822318196296692,0.49141091108322144,0.5631183981895447,0.46297141909599304,0.5695542693138123,0.521909236907959,0.5751792192459106,0.5755225419998169,0.6225659251213074,0.48736435174942017,0.5966308116912842,0.4603698253631592,0.6006038188934326,0.5339116454124451,0.6060527563095093,0.5923752784729004,0.6645082831382751,0.4911063313484192,0.6365219950675964,0.4737670421600342,0.6372954249382019,0.5517085194587708,0.640678346157074,0.6075329780578613,0.707918643951416,0.5025651454925537,0.6757722496986389,0.4887586236000061,0.6716684699058533,0.5437769293785095,0.6752021312713623,0.5830726027488708,A
0.661291778087616,0.6742165684700012,0.5946869254112244,0.6374161839485168,0.5503833293914795,0.5544180274009705,0.5418793559074402,0.4786834418773651,0.536249041557312,0.41489529609680176,0.5878232717514038,0.4828641414642334,0.5665282011032104,0.46064281463623047,0.5759280920028687,0.5224118232727051,0.5851375460624695,0.577284038066864,0.6276203393936157,0.4802994728088379,0.5994963645935059,0.4573312997817993,0.6055641174316406,0.5316923260688782,0.6121814250946045,0.588694155216217,0.6690981984138489,0.4855588972568512,0.6393966674804688,0.46726495027542114,0.6412548422813416,0.545242190361023,0.6452891230583191,0.5991477966308594,0.7125061750411987,0.4986329972743988,0.6795342564582825,0.4826433062553406,0.6759583950042725,0.5362986326217651,0.6802138686180115,0.5728861689567566,A
0.6641091704368591,0.6721943616867065,0.5938501358032227,0.6365082859992981,0.5469409227371216,0.5553089380264282,0.5372076630592346,0.48000338673591614,0.5333958864212036,0.4166591763496399,0.5865336656570435,0.48052430152893066,0.5635730028152466,0.4536394476890564,0.5702840089797974,0.5126190185546875,0.5770467519760132,0.5662156939506531,0.6267346739768982,0.4774087071418762,0.5981444716453552,0.4545523226261139,0.6025323867797852,0.5289003252983093,0.6087126135826111,0.5860098004341125,0.668268620967865,0.4822981059551239,0.6373785138130188,0.46504947543144226,0.63828045129776,0.5438277721405029,0.6425147652626038,0.5990239381790161,0.7114689946174622,0.49529922008514404,0.6780115365982056,0.48124998807907104,0.6731680631637573,0.5351316332817078,0.676751971244812,0.5726857781410217,A
0.6557639837265015,0.6701859831809998,0.587138831615448,0.6354030966758728,0.5416929125785828,0.5530533790588379,0.5329192876815796,0.4789147973060608,0.5297542214393616,0.4166639745235443,0.5769916772842407,0.4851159155368805,0.5582440495491028,0.45839327573776245,0.5651371479034424,0.5179513096809387,0.5714278221130371,0.5715053081512451,0.6173696517944336,0.48121845722198486,0.5919996500015259,0.45734715461730957,0.5973610877990723,0.5300922989845276,0.6045140027999878,0.5868518352508545,0.6598602533340454,0.485217422246933,0.6320384740829468,0.469946950674057,0.6345236301422119,0.5454686284065247,0.6404814124107361,0.5972237586975098,0.7043268084526062,0.4959036409854889,0.6717214584350586,0.48190850019454956,0.6695746183395386,0.532804012298584,0.6762353181838989,0.5662268996238708,A
0.6400372385978699,0.6741870641708374,0.5755687952041626,0.6388131380081177,0.5333347320556641,0.5581992268562317,0.5254066586494446,0.4857516288757324,0.5227826833724976,0.42376798391342163,0.5715089440345764,0.4882214665412903,0.550787091255188,0.4638659954071045,0.5574648380279541,0.5231231451034546,0.5642622113227844,0.5764003396034241,0.6108958721160889,0.48573940992355347,0.5841361284255981,0.46627771854400635,0.5893097519874573,0.5370283126831055,0.5957208871841431,0.5936488509178162,0.6524959802627563,0.4914129674434662,0.6218773722648621,0.47800925374031067,0.6245147585868835,0.5524537563323975,0.6298279762268066,0.6068329811096191,0.6962592601776123,0.5042786002159119,0.663065493106842,0.49030742049217224,0.6583804488182068,0.5437014698982239,0.661559522151947,0.5836767554283142,A
0.6523205637931824,0.6721723079681396,0.5833800435066223,0.6353139877319336,0.5372036695480347,0.5535341501235962,0.527531623840332,0.47780030965805054,0.5215895175933838,0.41347625851631165,0.575288712978363,0.4826781749725342,0.5505840182304382,0.46128496527671814,0.5596268177032471,0.5204471945762634,0.5696749687194824,0.5739931464195251,0.6140039563179016,0.47888702154159546,0.5830188393592834,0.457955539226532,0.5902829766273499,0.5287178754806519,0.5994057059288025,0.585139811038971,0.6542044878005981,0.4823353886604309,0.6221240758895874,0.46710777282714844,0.6261974573135376,0.5416738390922546,0.6331505179405212,0.5951714515686035,0.6967266798019409,0.4926890432834625,0.6612831950187683,0.4795023798942566,0.6598118543624878,0.5319613814353943,0.6664827466011047,0.5692524909973145,A
0.6555004715919495,0.6779007315635681,0.5845223665237427,0.6456992626190186,0.5380643010139465,0.5646651387214661,0.5290014147758484,0.48714083433151245,0.5240045189857483,0.42268434166908264,0.5762616991996765,0.4887053966522217,0.5534954071044922,0.46222689747810364,0.5602384209632874,0.5214799046516418,0.5670275092124939,0.5751320123672485,0.6158981323242188,0.48340243101119995,0.5855223536491394,0.4604911506175995,0.5906022191047668,0.5331857204437256,0.596887469291687,0.5915595293045044,0.6566722393035889,0.4861585795879364,0.624038577079773,0.4738369584083557,0.6268682479858398,0.5513690114021301,0.631771445274353,0.6077857613563538,0.6988204717636108,0.4963819980621338,0.663933277130127,0.4861771762371063,0.6604674458503723,0.5402857065200806,0.6643503308296204,0.5800175666809082,A
0.6481503844261169,0.6822353601455688,0.5797131657600403,0.647671639919281,0.5338490605354309,0.5647279024124146,0.5251146554946899,0.4906761646270752,0.521213710308075,0.42797258496284485,0.5736637115478516,0.48764172196388245,0.5475941896438599,0.4696224629878998,0.5552898049354553,0.5298746228218079,0.5637328624725342,0.5815806984901428,0.6129179000854492,0.4850849211215973,0.5815731287002563,0.4705442190170288,0.5881581902503967,0.5435869097709656,0.5960513353347778,0.59902423620224,0.6539456248283386,0.4914018213748932,0.6202656626701355,0.4828401207923889,0.6234050393104553,0.557772159576416,0.6300983428955078,0.6094233989715576,0.6964319944381714,0.5054837465286255,0.6601905822753906,0.4973843991756439,0.6576350331306458,0.547745943069458,0.6642988324165344,0.5820494890213013,A
0.6449206471443176,0.6755068302154541,0.5783066153526306,0.6406263113021851,0.5354745984077454,0.5585173964500427,0.5287308096885681,0.4848445951938629,0.525605320930481,0.42215093970298767,0.5740522146224976,0.48700472712516785,0.5505972504615784,0.46587425470352173,0.556705892086029,0.5252823829650879,0.5636295080184937,0.5781794786453247,0.6130995154380798,0.4835139513015747,0.5836694240570068,0.46459490060806274,0.5879526734352112,0.5365450382232666,0.5943641066551208,0.5934933423995972,0.6545827984809875,0.4880884885787964,0.6226707100868225,0.4756908416748047,0.624630331993103,0.551360011100769,0.6302282810211182,0.6045210361480713,0.6980361342430115,0.49973490834236145,0.6631297469139099,0.48995840549468994,0.6598510146141052,0.5418581366539001,0.6653919219970703,0.5773540735244751,A
0.6442350745201111,0.6697273850440979,0.5816739201545715,0.6365013718605042,0.5388219952583313,0.5550132989883423,0.5301394462585449,0.4822162389755249,0.5260270833969116,0.41955506801605225,0.5739747881889343,0.48915839195251465,0.5528210997581482,0.46311110258102417,0.5567632913589478,0.5172447562217712,0.5619602203369141,0.569503128528595,0.6124147772789001,0.4864521324634552,0.5857042670249939,0.4607187509536743,0.5892478227615356,0.5294106602668762,0.595117449760437,0.5875187516212463,0.6536494493484497,0.49149248003959656,0.6259762048721313,0.4708425998687744,0.6263916492462158,0.5447055101394653,0.6304509043693542,0.6003618836402893,0.6975484490394592,0.5027444958686829,0.6673062443733215,0.48284754157066345,0.660310685634613,0.5329087972640991,0.6614921689033508,0.5728657245635986,A
0.6503535509109497,0.6751137971878052,0.5821300745010376,0.6433157920837402,0.5375143885612488,0.5618994832038879,0.5293529033660889,0.48713600635528564,0.5251845717430115,0.42427873611450195,0.575809895992279,0.4914325773715973,0.5522119998931885,0.4653397798538208,0.5597404837608337,0.5220038294792175,0.566963791847229,0.5744659900665283,0.6151171922683716,0.4872369170188904,0.58493572473526,0.46410638093948364,0.5910335183143616,0.5345571041107178,0.5977894067764282,0.5913251042366028,0.6563572287559509,0.49084311723709106,0.623659610748291,0.47563886642456055,0.627385139465332,0.5515117049217224,0.6333153247833252,0.6058894395828247,0.6995431184768677,0.5014457106590271,0.6643959879875183,0.4886361360549927,0.6618000864982605,0.5402088761329651,0.6671364307403564,0.5769182443618774,A
0.6489753723144531,0.6725276112556458,0.5822501182556152,0.6412652134895325,0.5385156869888306,0.5603957176208496,0.5307414531707764,0.4859132766723633,0.5281498432159424,0.42380428314208984,0.5761057138442993,0.4882251024246216,0.554468035697937,0.4632854759693146,0.5617268085479736,0.5217955112457275,0.5691369771957397,0.5733462572097778,0.6159260869026184,0.48450908064842224,0.5887261033058167,0.46413832902908325,0.5935184359550476,0.5337761640548706,0.5989603996276855,0.588369607925415,0.6574069857597351,0.48941242694854736,0.6277334094047546,0.4755697250366211,0.6292654275894165,0.54975825548172,0.6333988308906555,0.6015700697898865,0.7008188366889954,0.5019554495811462,0.6678814888000488,0.4887147843837738,0.6635620594024658,0.5415745377540588,0.6677345633506775,0.5783288478851318,A
0.6497014760971069,0.6611132621765137,0.5853686332702637,0.6252771019935608,0.5415460467338562,0.5439242720603943,0.5333228707313538,0.47086694836616516,0.5297487378120422,0.408513605594635,0.5820016264915466,0.470440149307251,0.5598436594009399,0.4533941447734833,0.5674741864204407,0.511367917060852,0.5744564533233643,0.564245343208313,0.6206851005554199,0.4688396155834198,0.5923653244972229,0.449973464012146,0.5971535444259644,0.5214579701423645,0.6027466058731079,0.5796574354171753,0.6611879467964172,0.4751237630844116,0.6321343183517456,0.45875775814056396,0.6331763863563538,0.5352919101715088,0.6367459297180176,0.5912736058235168,0.7041442394256592,0.4885002374649048,0.6716651320457458,0.4703513979911804,0.6668105721473694,0.523375391960144,0.6694696545600891,0.5629746913909912,A
0.653518557548523,0.6600993871688843,0.5852430462837219,0.6265314221382141,0.5398990511894226,0.5452134013175964,0.5304829478263855,0.47057774662971497,0.524937629699707,0.40746593475341797,0.5776503086090088,0.4705182909965515,0.5522741079330444,0.44948554039001465,0.5592404007911682,0.5075607895851135,0.5662426352500916,0.5608301162719727,0.6168388724327087,0.46692174673080444,0.586351215839386,0.44828274846076965,0.591603696346283,0.5195315480232239,0.59760582447052,0.5763669610023499,0.657660186290741,0.47183528542518616,0.6270700693130493,0.4582381248474121,0.6283966898918152,0.5362190008163452,0.6319378018379211,0.5911771655082703,0.7006809115409851,0.48449310660362244,0.6671785116195679,0.47246935963630676,0.6615443229675293,0.5263077020645142,0.663493275642395,0.5638925433158875,A
0.6685104370117188,0.6569792032241821,0.6001127362251282,0.6266955137252808,0.5532894134521484,0.5459470748901367,0.5439965128898621,0.4697541296482086,0.5401573181152344,0.4076630175113678,0.5905577540397644,0.4795432686805725,0.5726287961006165,0.44721123576164246,0.5791628956794739,0.505001425743103,0.5852327346801758,0.559106171131134,0.6310016512870789,0.47550347447395325,0.6068159341812134,0.44483813643455505,0.6101524233818054,0.5156638026237488,0.6146572232246399,0.5750689506530762,0.6717733144760132,0.47875332832336426,0.6465476155281067,0.45400580763816833,0.6472642421722412,0.52958744764328,0.6500685811042786,0.5879951119422913,0.71416175365448,0.489366739988327,0.6875040531158447,0.46991994976997375,0.6812356114387512,0.5220538973808289,0.6810445189476013,0.5646469593048096,A
0.6650210022926331,0.6151541471481323,0.598591685295105,0.5830469727516174,0.5546925663948059,0.5049324035644531,0.5471516251564026,0.43021073937416077,0.5424012541770935,0.3727441430091858,0.5884052515029907,0.44593730568885803,0.5848238468170166,0.40954625606536865,0.5913605093955994,0.4656752943992615,0.5961660146713257,0.5139240622520447,0.6291655898094177,0.44630008935928345,0.6205644011497498,0.4054226279258728,0.6232632994651794,0.4745136499404907,0.6265372633934021,0.5300989747047424,0.6677280068397522,0.45282766222953796,0.6616005897521973,0.4177955687046051,0.6585386991500854,0.4891435503959656,0.6554616093635559,0.5439928770065308,0.7049030065536499,0.46514758467674255,0.6990156769752502,0.4333040714263916,0.6907991170883179,0.47957518696784973,0.6831603050231934,0.518761932849884,A
0.6666406989097595,0.6136609315872192,0.600668728351593,0.5851595401763916,0.556431770324707,0.510209321975708,0.547919511795044,0.43684297800064087,0.5426543354988098,0.3796449303627014,0.5881326794624329,0.44710880517959595,0.5832298994064331,0.4127453565597534,0.5920191407203674,0.4696095287799835,0.5980573296546936,0.518890380859375,0.628523051738739,0.44641485810279846,0.6207931041717529,0.41075050830841064,0.624864935874939,0.47916507720947266,0.627162516117096,0.5355095863342285,0.6672961711883545,0.45221275091171265,0.6608250737190247,0.4208337068557739,0.6588853001594543,0.4925651252269745,0.6552134156227112,0.5489507913589478,0.7049863338470459,0.4643274247646332,0.6971932649612427,0.4351770579814911,0.6899555921554565,0.48418715596199036,0.6829319000244141,0.5260186195373535,A
0.6627810001373291,0.6092894673347473,0.5969949960708618,0.5835528373718262,0.5526446104049683,0.5064305663108826,0.5436792969703674,0.43229183554649353,0.5385057330131531,0.37516582012176514,0.5841858386993408,0.44417187571525574,0.5796877145767212,0.40958231687545776,0.5881529450416565,0.4659232497215271,0.5941481590270996,0.5149370431900024,0.6248186826705933,0.44292259216308594,0.6157075762748718,0.405415415763855,0.6199725270271301,0.47405219078063965,0.623316764831543,0.5291218161582947,0.6638612151145935,0.44882261753082275,0.6556440591812134,0.4170815348625183,0.6541805863380432,0.4876558780670166,0.6518020629882812,0.5416454076766968,0.7020493149757385,0.46060729026794434,0.6934967041015625,0.4303463399410248,0.6855904459953308,0.47615087032318115,0.6785867214202881,0.514846682548523,A
0.6685945987701416,0.6129823327064514,0.603140115737915,0.5827304720878601,0.5596820116043091,0.5075922608375549,0.5516658425331116,0.43394947052001953,0.5491816401481628,0.3769315779209137,0.5938177108764648,0.4470319449901581,0.5900276303291321,0.4112394452095032,0.5957201719284058,0.46693453192710876,0.5999723076820374,0.5155951380729675,0.6343492269515991,0.4471845328807831,0.6254379749298096,0.4078870415687561,0.6274715065956116,0.47422268986701965,0.6296987533569336,0.5293576121330261,0.6733139157295227,0.45402535796165466,0.6656346917152405,0.42158299684524536,0.6623210310935974,0.49160075187683105,0.6584714651107788,0.54570472240448,0.711566150188446,0.4674312174320221,0.7039173245429993,0.43527111411094666,0.6946669220924377,0.4820840358734131,0.6860401034355164,0.5225193500518799,A
0.6671494841575623,0.6085779666900635,0.6018683314323425,0.5773971676826477,0.5585368275642395,0.4997340440750122,0.5503752827644348,0.4274376630783081,0.5473867058753967,0.370351105928421,0.5910807251930237,0.4369038939476013,0.5864461064338684,0.4035254418849945,0.5923957824707031,0.46191999316215515,0.5964627861976624,0.5133323669433594,0.6321645379066467,0.43763935565948486,0.6226701736450195,0.400966078042984,0.6247078776359558,0.4695392847061157,0.6271107196807861,0.5260130763053894,0.6719275712966919,0.44507911801338196,0.6640650033950806,0.41392678022384644,0.6606886386871338,0.4850732982158661,0.6569160223007202,0.5400171279907227,0.7104091644287109,0.4590381979942322,0.7021390795707703,0.4294300377368927,0.6929765939712524,0.4792216718196869,0.684499979019165,0.5205729007720947,A
0.6689568161964417,0.6018751859664917,0.6047661304473877,0.5740165114402771,0.5598212480545044,0.4985811412334442,0.5505837202072144,0.4259597957134247,0.5476625561714172,0.36849379539489746,0.5916652083396912,0.4345640540122986,0.5858008861541748,0.4031115770339966,0.5932137966156006,0.4592280089855194,0.5982492566108704,0.5098352432250977,0.6325249671936035,0.43424442410469055,0.6216663122177124,0.40004920959472656,0.624522864818573,0.4676154851913452,0.6268697381019592,0.5234374403953552,0.6722697615623474,0.44037064909935,0.6618082523345947,0.412055104970932,0.6598175168037415,0.48182621598243713,0.6575964093208313,0.5358121395111084,0.7110490798950195,0.45259782671928406,0.6981847882270813,0.4261104464530945,0.6915568113327026,0.4734514057636261,0.6870977282524109,0.5125131607055664,A
0.21644657850265503,0.5800380110740662,0.2764466404914856,0.5466315746307373,0.31280717253685,0.4493274986743927,0.30556803941726685,0.36371684074401855,0.3071873188018799,0.29633986949920654,0.26815545558929443,0.3838496804237366,0.27339452505111694,0.3559044599533081,0.2738346457481384,0.414624959230423,0.2730334401130676,0.46883273124694824,0.22450420260429382,0.39038437604904175,0.23085550963878632,0.3537984788417816,0.2374897599220276,0.43036767840385437,0.2416689097881317,0.49037280678749084,0.1825263500213623,0.4031882584095001,0.18527382612228394,0.3738880753517151,0.20159927010536194,0.44623544812202454,0.2123449295759201,0.49865734577178955,0.1396593153476715,0.4225459694862366,0.14069201052188873,0.3786851763725281,0.1540902554988861,0.42261573672294617,0.16165223717689514,0.45939886569976807,A
0.22842596471309662,0.5868176221847534,0.2905998229980469,0.5504004955291748,0.3240664005279541,0.4507879316806793,0.3167905807495117,0.3660851716995239,0.3214974105358124,0.299393892288208,0.2829136252403259,0.3880453109741211,0.28686946630477905,0.36084073781967163,0.2878418564796448,0.4246481657028198,0.28725534677505493,0.478084921836853,0.23746085166931152,0.392337441444397,0.24304290115833282,0.3580192029476166,0.25035086274147034,0.4404538869857788,0.2544553875923157,0.49599599838256836,0.19420619308948517,0.40484392642974854,0.19595807790756226,0.3755306005477905,0.21318648755550385,0.454980731010437,0.2229742556810379,0.5038730502128601,0.15059950947761536,0.4248429536819458,0.15096887946128845,0.3835914433002472,0.16914977133274078,0.43517717719078064,0.17956624925136566,0.470459520816803,A
0.2282189130783081,0.5784035325050354,0.2861661911010742,0.5442984700202942,0.32066187262535095,0.44887810945510864,0.3150133490562439,0.3655809462070465,0.3175380825996399,0.2983512282371521,0.28215083479881287,0.379660427570343,0.28563517332077026,0.35610875487327576,0.2849537432193756,0.42027345299720764,0.28397515416145325,0.4730697274208069,0.23727208375930786,0.38351109623908997,0.24458037316799164,0.35426953434944153,0.2506858706474304,0.43545353412628174,0.25342684984207153,0.4919567406177521,0.1940459907054901,0.39602339267730713,0.19620075821876526,0.36842167377471924,0.21298226714134216,0.44758015871047974,0.2229788452386856,0.498914510011673,0.15082940459251404,0.4174761176109314,0.15182676911354065,0.37523168325424194,0.1690024733543396,0.4253450930118561,0.17944952845573425,0.4622012972831726,A
0.22199757397174835,0.5818925499916077,0.2795456051826477,0.5455049872398376,0.3147209584712982,0.44950783252716064,0.30679556727409363,0.3667232394218445,0.3078652322292328,0.2997214198112488,0.27171099185943604,0.38835006952285767,0.27482137084007263,0.35703974962234497,0.2762952744960785,0.4182800352573395,0.2764891982078552,0.4704958498477936,0.22692430019378662,0.3939589262008667,0.2317759394645691,0.3560883402824402,0.24044296145439148,0.43547534942626953,0.24581769108772278,0.49080026149749756,0.18434853851795197,0.40566912293434143,0.18533946573734283,0.3703693747520447,0.20319068431854248,0.4471488893032074,0.2144310623407364,0.4977835416793823,0.14203476905822754,0.4238821268081665,0.14281296730041504,0.3785237669944763,0.15836362540721893,0.4298970103263855,0.16707636415958405,0.46861469745635986,A
0.22000016272068024,0.5801956057548523,0.2784994840621948,0.5484908819198608,0.3171100318431854,0.45282864570617676,0.311531662940979,0.36666959524154663,0.3126811981201172,0.29925528168678284,0.27796727418899536,0.3834397792816162,0.28038811683654785,0.352591872215271,0.2807777523994446,0.41626057028770447,0.2790900766849518,0.46875065565109253,0.23328115046024323,0.38706672191619873,0.23705682158470154,0.3483818471431732,0.2443896234035492,0.4304673671722412,0.24765783548355103,0.4859921634197235,0.1906908005475998,0.39801982045173645,0.1899164319038391,0.3636879324913025,0.2074800729751587,0.44154947996139526,0.21782268583774567,0.49072346091270447,0.14764750003814697,0.41738641262054443,0.14707346260547638,0.3730282485485077,0.1626713126897812,0.4223296344280243,0.1715341955423355,0.4567737579345703,A
0.22732247412204742,0.5736243724822998,0.2870819568634033,0.5389831066131592,0.32283902168273926,0.4439801573753357,0.31679338216781616,0.3626958131790161,0.32075080275535583,0.29786595702171326,0.2847882807254791,0.38251793384552,0.287607878446579,0.35616838932037354,0.28670501708984375,0.41524213552474976,0.28583940863609314,0.4681643545627594,0.24074392020702362,0.3858361840248108,0.2468513697385788,0.34932541847229004,0.2514129877090454,0.42713841795921326,0.2551644444465637,0.4864955544471741,0.19800296425819397,0.3950636088848114,0.20104998350143433,0.3639160990715027,0.21461674571037292,0.4412599205970764,0.22469721734523773,0.4945378601551056,0.1548842191696167,0.411643922328949,0.15746885538101196,0.36460813879966736,0.16614344716072083,0.41048765182495117,0.17064973711967468,0.44612282514572144,A
0.2319379299879074,0.5739689469337463,0.2909671366214752,0.5386165380477905,0.3261518180370331,0.44150397181510925,0.3194613456726074,0.3597964346408844,0.32475727796554565,0.29422295093536377,0.2851009964942932,0.37872689962387085,0.28914132714271545,0.35199546813964844,0.29027801752090454,0.4152463376522064,0.2895203232765198,0.46860581636428833,0.24055145680904388,0.38326582312583923,0.247367262840271,0.3498648405075073,0.25389018654823303,0.4295552670955658,0.25687265396118164,0.4851914346218109,0.1976938247680664,0.3953855633735657,0.20054611563682556,0.36522775888442993,0.2177560180425644,0.44300544261932373,0.22786471247673035,0.4934636056423187,0.1548215001821518,0.41428911685943604,0.1550426483154297,0.37000927329063416,0.17260247468948364,0.4193304181098938,0.1832839399576187,0.4562297761440277,A
0.22795835137367249,0.5735106468200684,0.2864327132701874,0.5384718775749207,0.32251670956611633,0.4463336169719696,0.31882843375205994,0.36358723044395447,0.32174453139305115,0.29685044288635254,0.2850269079208374,0.3810182511806488,0.28897881507873535,0.35054123401641846,0.28899845480918884,0.41169458627700806,0.2866668999195099,0.46422770619392395,0.2408636212348938,0.38410359621047974,0.24675579369068146,0.34750089049339294,0.2523374557495117,0.4268035888671875,0.25461599230766296,0.484108030796051,0.19777348637580872,0.39468860626220703,0.19972330331802368,0.3617989122867584,0.21503284573554993,0.4394088387489319,0.22437068819999695,0.49160853028297424,0.15331876277923584,0.41334962844848633,0.1567978858947754,0.3710070848464966,0.17386288940906525,0.4211195111274719,0.18398764729499817,0.4587005376815796,A
0.2287321388721466,0.5674816966056824,0.28716841340065,0.5327252745628357,0.321723997592926,0.4370364248752594,0.31589075922966003,0.3557206392288208,0.3201352655887604,0.29218828678131104,0.2846255302429199,0.3793244957923889,0.2875872254371643,0.3489207625389099,0.2863185703754425,0.4119497239589691,0.2841269075870514,0.4628152549266815,0.24069948494434357,0.38301751017570496,0.24533477425575256,0.34609729051589966,0.2515506446361542,0.42575621604919434,0.2543324828147888,0.48135313391685486,0.1981390416622162,0.3930153250694275,0.19848769903182983,0.3592720925807953,0.21452546119689941,0.43765100836753845,0.22435106337070465,0.488952100276947,0.15521109104156494,0.4100989103317261,0.15739063918590546,0.3690108358860016,0.17245841026306152,0.4199458956718445,0.18074718117713928,0.4561416804790497,A
0.22047221660614014,0.5670881271362305,0.2798699140548706,0.5324579477310181,0.3159235119819641,0.43740618228912354,0.3100545406341553,0.3571276068687439,0.31114327907562256,0.29282018542289734,0.27695828676223755,0.3752974271774292,0.28101757168769836,0.34679269790649414,0.2792705297470093,0.40847304463386536,0.2766309380531311,0.4611439108848572,0.23288801312446594,0.3788589835166931,0.24005970358848572,0.3426491320133209,0.24412956833839417,0.42181381583213806,0.24614669382572174,0.47891858220100403,0.19012317061424255,0.3888906240463257,0.19236376881599426,0.35642707347869873,0.20679506659507751,0.4334164559841156,0.2158403843641281,0.48474693298339844,0.14755934476852417,0.40631213784217834,0.1493586003780365,0.36031264066696167,0.16209527850151062,0.4078757166862488,0.16852889955043793,0.4441618323326111,A
0.22483552992343903,0.5694372653961182,0.2812519669532776,0.5341987609863281,0.3163442611694336,0.4404959976673126,0.30927327275276184,0.36070841550827026,0.31064799427986145,0.29645007848739624,0.2754785120487213,0.37627172470092773,0.28022611141204834,0.3482710123062134,0.2814606726169586,0.4104096591472626,0.28058376908302307,0.4619660973548889,0.23139242827892303,0.3808554410934448,0.23854964971542358,0.34617549180984497,0.24648019671440125,0.4245601296424866,0.25042855739593506,0.48002955317497253,0.18862628936767578,0.392367422580719,0.1925518810749054,0.36002373695373535,0.21029776334762573,0.4355996549129486,0.22031787037849426,0.4865592122077942,0.1455036848783493,0.4117608070373535,0.14628665149211884,0.36732015013694763,0.16509859263896942,0.41433781385421753,0.1769634634256363,0.45158010721206665,A
0.22534602880477905,0.5717011094093323,0.28372883796691895,0.538168728351593,0.3191639184951782,0.4440818130970001,0.3122195303440094,0.36126914620399475,0.31458780169487,0.29571619629859924,0.2809889614582062,0.3799375891685486,0.2850557863712311,0.34962183237075806,0.2830376625061035,0.4119037687778473,0.28057923913002014,0.4640815258026123,0.2365724891424179,0.3835746943950653,0.24377557635307312,0.34633901715278625,0.24949850142002106,0.4243756830692291,0.2520611584186554,0.48107433319091797,0.19356408715248108,0.3941146433353424,0.19702360033988953,0.36148205399513245,0.2138242870569229,0.43826162815093994,0.22390592098236084,0.49019181728363037,0.15017201006412506,0.4127437472343445,0.15288007259368896,0.3695265054702759,0.17067290842533112,0.41854268312454224,0.18170827627182007,0.45633718371391296,A
0.2268545925617218,0.5668526291847229,0.2859164774417877,0.5342654585838318,0.32142508029937744,0.43968722224235535,0.3136395215988159,0.3579455018043518,0.31577521562576294,0.2928410470485687,0.2804683446884155,0.3747949004173279,0.28454020619392395,0.3462817668914795,0.28632766008377075,0.4086439609527588,0.28552743792533875,0.46141424775123596,0.2372816503047943,0.37895092368125916,0.243900328874588,0.3444197475910187,0.25033140182495117,0.42341849207878113,0.25217753648757935,0.4791817367076874,0.19527781009674072,0.3895460367202759,0.1952117383480072,0.35846418142318726,0.21142281591892242,0.43588680028915405,0.22026847302913666,0.486078679561615,0.1523677110671997,0.4074927568435669,0.15313559770584106,0.3662593960762024,0.16918402910232544,0.41711822152137756,0.1773848682641983,0.4526977241039276,A
0.21768832206726074,0.5722063779830933,0.2785030007362366,0.5416163206100464,0.3139951825141907,0.4448838531970978,0.30919209122657776,0.3607438802719116,0.3121644854545593,0.2947987914085388,0.27273547649383545,0.37947335839271545,0.27983027696609497,0.35184139013290405,0.27959194779396057,0.4132848381996155,0.2774466574192047,0.46674782037734985,0.22883960604667664,0.38303637504577637,0.238540381193161,0.3484674096107483,0.243024542927742,0.4285765290260315,0.24468283355236053,0.4852827787399292,0.18675047159194946,0.394424706697464,0.1915929764509201,0.36288273334503174,0.20659139752388,0.4398687779903412,0.21556691825389862,0.4907614290714264,0.1448945552110672,0.4139344096183777,0.1489832103252411,0.3710324764251709,0.16504520177841187,0.4219542443752289,0.174094095826149,0.4593645930290222,A
0.2257642149925232,0.5653140544891357,0.28234606981277466,0.5312831401824951,0.3180232346057892,0.43898332118988037,0.3118888735771179,0.35795968770980835,0.31378841400146484,0.29338759183883667,0.2776350677013397,0.3769461512565613,0.2818327844142914,0.3478066027164459,0.28393441438674927,0.41268211603164673,0.28279873728752136,0.4625418186187744,0.23438546061515808,0.38096383213996887,0.24166059494018555,0.3424595892429352,0.2486260086297989,0.4241885542869568,0.2504963278770447,0.4784444272518158,0.1925026774406433,0.39177072048187256,0.1957673877477646,0.3574279248714447,0.212084099650383,0.4353039860725403,0.2206987738609314,0.48469191789627075,0.14961861073970795,0.410253643989563,0.15150891244411469,0.36440569162368774,0.16877728700637817,0.4135599732398987,0.17791011929512024,0.4505133628845215,A
0.21660904586315155,0.5684148669242859,0.2764236032962799,0.5345832705497742,0.31228107213974,0.44146496057510376,0.3062650263309479,0.3605075180530548,0.30914637446403503,0.2951591908931732,0.2730483114719391,0.37452268600463867,0.2763582468032837,0.34739595651626587,0.27693530917167664,0.40745988488197327,0.276136189699173,0.4584704637527466,0.2291930913925171,0.3772398829460144,0.2365213930606842,0.3456650674343109,0.2429981678724289,0.42317095398902893,0.24601927399635315,0.47978296875953674,0.18662311136722565,0.3875575661659241,0.18924523890018463,0.35875335335731506,0.2062993198633194,0.4349626302719116,0.2171633243560791,0.48671817779541016,0.14404074847698212,0.4068193733692169,0.14678151905536652,0.36837372183799744,0.16422241926193237,0.4183816611766815,0.17547032237052917,0.45613521337509155,A
0.22051872313022614,0.5727759599685669,0.2782406508922577,0.5366067886352539,0.3141801953315735,0.44292494654655457,0.3080120384693146,0.3628481924533844,0.3096579313278198,0.2993094027042389,0.2737620174884796,0.3809199333190918,0.2786720395088196,0.3489130437374115,0.27926012873649597,0.41114193201065063,0.2772972583770752,0.4633617401123047,0.22994056344032288,0.3847922384738922,0.237346813082695,0.34699228405952454,0.24387958645820618,0.42478886246681213,0.24630782008171082,0.48169419169425964,0.1879890263080597,0.3955366611480713,0.19141273200511932,0.3618144989013672,0.20727112889289856,0.4381198287010193,0.2162424623966217,0.4905267059803009,0.14562192559242249,0.4133092164993286,0.1487141102552414,0.36832955479621887,0.1636163592338562,0.417824923992157,0.17184492945671082,0.456750750541687,A
0.22266332805156708,0.5713585615158081,0.2805387079715729,0.5362053513526917,0.3173266053199768,0.4440128207206726,0.312496155500412,0.3618118464946747,0.3160533905029297,0.29639700055122375,0.27917274832725525,0.3802710771560669,0.28303423523902893,0.3508192300796509,0.28302180767059326,0.4094450771808624,0.2814566195011139,0.4612196087837219,0.2361786961555481,0.3825504779815674,0.24302643537521362,0.34561190009117126,0.24838165938854218,0.42286136746406555,0.25107845664024353,0.480699360370636,0.19382783770561218,0.39209863543510437,0.198326975107193,0.3602246940135956,0.2125174105167389,0.43790629506111145,0.22114503383636475,0.49044740200042725,0.15011432766914368,0.41004106402397156,0.15360167622566223,0.36551472544670105,0.1676459014415741,0.4152144193649292,0.17586983740329742,0.4529140889644623,A
0.2260836660861969,0.5708646774291992,0.2853410243988037,0.5319402813911438,0.31919151544570923,0.4416123628616333,0.312606543302536,0.36296385526657104,0.3165925145149231,0.29997962713241577,0.2810095250606537,0.3797500431537628,0.2849682867527008,0.3500439524650574,0.28440067172050476,0.40838032960891724,0.2830654978752136,0.46089088916778564,0.23736010491847992,0.3824191093444824,0.2448929399251938,0.3485076129436493,0.25056058168411255,0.4242491126060486,0.2533779740333557,0.4828648865222931,0.19517944753170013,0.3918488025665283,0.1990223526954651,0.36245450377464294,0.2139926254749298,0.43921634554862976,0.22354653477668762,0.4930380880832672,0.1519860029220581,0.40914297103881836,0.15620258450508118,0.36657950282096863,0.17107903957366943,0.4173559248447418,0.18000200390815735,0.4574839174747467,A
0.22573426365852356,0.567989706993103,0.2847101092338562,0.5296272039413452,0.3193012475967407,0.4377463161945343,0.3144493103027344,0.35776153206825256,0.3196897506713867,0.2953048348426819,0.28279608488082886,0.37888452410697937,0.2871129512786865,0.3456535339355469,0.2859535217285156,0.40611907839775085,0.28436774015426636,0.45687219500541687,0.23931743204593658,0.38073283433914185,0.24577240645885468,0.34328895807266235,0.2512684762477875,0.42264384031295776,0.2546752095222473,0.4792931377887726,0.19708667695522308,0.38975363969802856,0.20041750371456146,0.3560504913330078,0.21442779898643494,0.4361339509487152,0.22348205745220184,0.4885009229183197,0.15427762269973755,0.4071004390716553,0.15897539258003235,0.36394834518432617,0.1739576756954193,0.41709423065185547,0.18323370814323425,0.4559774100780487,A
0.22915944457054138,0.563071608543396,0.2870979309082031,0.5306748151779175,0.32180243730545044,0.4381777346134186,0.3166319727897644,0.35754480957984924,0.32295477390289307,0.2936345338821411,0.2859025001525879,0.37616831064224243,0.2907346785068512,0.3484267592430115,0.2894000709056854,0.4069242775440216,0.28658145666122437,0.45837175846099854,0.24279415607452393,0.37857168912887573,0.24971136450767517,0.3434491455554962,0.2543995678424835,0.4203968048095703,0.2566884458065033,0.47673487663269043,0.2006179392337799,0.38787704706192017,0.20537719130516052,0.35658323764801025,0.21978658437728882,0.43223685026168823,0.2287338525056839,0.484596312046051,0.15795011818408966,0.40460389852523804,0.15919259190559387,0.35657161474227905,0.17369766533374786,0.4003654718399048,0.18317747116088867,0.4370301067829132,A
0.2293139547109604,0.556831419467926,0.2871304154396057,0.5253208875656128,0.3232342600822449,0.43626880645751953,0.3178780674934387,0.35601529479026794,0.32203322649002075,0.29268884658813477,0.2868815064430237,0.3730895519256592,0.2920583486557007,0.3417925238609314,0.2909032702445984,0.4016109108924866,0.2881701588630676,0.45340779423713684,0.24360328912734985,0.37506407499313354,0.25263339281082153,0.33571022748947144,0.25674664974212646,0.4149223864078522,0.2577131390571594,0.4718450605869293,0.20161956548690796,0.3837886452674866,0.2064070999622345,0.34947359561920166,0.22060255706310272,0.4258226454257965,0.2285889834165573,0.4761364161968231,0.1591726392507553,0.40037310123443604,0.16222748160362244,0.3532261848449707,0.1765669286251068,0.40223345160484314,0.18471063673496246,0.4396618604660034,A
0.22850067913532257,0.5520091652870178,0.2873939871788025,0.5233713984489441,0.3253140151500702,0.43495774269104004,0.3222852945327759,0.3551386594772339,0.3264334499835968,0.29159116744995117,0.2883548140525818,0.37191760540008545,0.2945944368839264,0.34490352869033813,0.29263836145401,0.40105515718460083,0.2888389527797699,0.4500449001789093,0.24594242870807648,0.37315213680267334,0.2546812891960144,0.3355278968811035,0.25812646746635437,0.41225412487983704,0.25827059149742126,0.46914127469062805,0.20460358262062073,0.3806988000869751,0.2090025395154953,0.34782034158706665,0.22309255599975586,0.4241572618484497,0.23076218366622925,0.47569960355758667,0.16186031699180603,0.39589786529541016,0.16600699722766876,0.3522167205810547,0.18207129836082458,0.39973849058151245,0.19114162027835846,0.43635913729667664,A
0.22312894463539124,0.5533655285835266,0.281596302986145,0.5271036624908447,0.32038813829421997,0.43919479846954346,0.32078680396080017,0.35783272981643677,0.32847753167152405,0.29369983077049255,0.2882962226867676,0.37271955609321594,0.2917577624320984,0.34397196769714355,0.2882859706878662,0.4008893072605133,0.2843870520591736,0.4519704580307007,0.2455289512872696,0.3725687265396118,0.25175967812538147,0.3342265486717224,0.2527535557746887,0.41134071350097656,0.2524569630622864,0.4690365195274353,0.20411214232444763,0.3798176050186157,0.20601671934127808,0.3460874557495117,0.21767529845237732,0.4217286705970764,0.22532014548778534,0.47413870692253113,0.16195929050445557,0.3943031430244446,0.16396792232990265,0.35081449151039124,0.1770889163017273,0.3969714641571045,0.1850356012582779,0.4331943988800049,A
0.2187734842300415,0.5565217137336731,0.2768328785896301,0.5265092253684998,0.31473463773727417,0.43862155079841614,0.3147730231285095,0.35776373744010925,0.3197964131832123,0.2934665083885193,0.2818079888820648,0.37432169914245605,0.2849157750606537,0.34591707587242126,0.281894326210022,0.4031006991863251,0.278126984834671,0.4511801600456238,0.23974773287773132,0.37389200925827026,0.24440424144268036,0.33658134937286377,0.24684953689575195,0.41263067722320557,0.2473909705877304,0.4661722779273987,0.19814583659172058,0.38093993067741394,0.1992056667804718,0.34743475914001465,0.2106175273656845,0.4256540536880493,0.21750850975513458,0.47667980194091797,0.15558090806007385,0.3955080211162567,0.15610896050930023,0.35023990273475647,0.16926467418670654,0.39541226625442505,0.17745494842529297,0.4297049343585968,A
0.18489718437194824,0.6036989092826843,0.24578295648097992,0.5574731230735779,0.2776344418525696,0.4651566743850708,0.2693105936050415,0.3918847143650055,0.27251750230789185,0.3296954035758972,0.23497121036052704,0.4099952280521393,0.2545197010040283,0.3820430636405945,0.2559151351451874,0.44092923402786255,0.2525247037410736,0.4956406354904175,0.19632625579833984,0.41341066360473633,0.22142614424228668,0.3756311535835266,0.22390156984329224,0.44982782006263733,0.22146233916282654,0.5120620727539062,0.15687158703804016,0.4233202636241913,0.1791609525680542,0.3893171548843384,0.19153663516044617,0.46184441447257996,0.19595171511173248,0.5191128253936768,0.11531815677881241,0.4420340657234192,0.13324686884880066,0.39219409227371216,0.1515490859746933,0.43836289644241333,0.1606409102678299,0.4837377667427063,A
0.1886543482542038,0.6010228395462036,0.24737979471683502,0.5560534000396729,0.2760555148124695,0.4658665359020233,0.2702370285987854,0.3929356336593628,0.273396372795105,0.33143842220306396,0.23178784549236298,0.41107338666915894,0.25109976530075073,0.38171637058258057,0.25620323419570923,0.4409373700618744,0.25572139024734497,0.4945773482322693,0.1950894147157669,0.4132789969444275,0.22049111127853394,0.37639063596725464,0.22668331861495972,0.4502449929714203,0.2263193130493164,0.509391725063324,0.1568005532026291,0.4218927323818207,0.18042409420013428,0.38657593727111816,0.19394533336162567,0.4601254463195801,0.19798026978969574,0.5157786011695862,0.11640004068613052,0.43924129009246826,0.13633058965206146,0.392089307308197,0.15397194027900696,0.439748615026474,0.16071784496307373,0.4846499562263489,A
0.17565183341503143,0.6050723791122437,0.23753143846988678,0.5609537363052368,0.27117466926574707,0.4706626534461975,0.2648298144340515,0.39294493198394775,0.2674176096916199,0.3277827799320221,0.22807683050632477,0.41185107827186584,0.24380025267601013,0.38646119832992554,0.24694274365901947,0.4443753957748413,0.245143324136734,0.4992772340774536,0.18874455988407135,0.41424089670181274,0.21127597987651825,0.38055911660194397,0.21590018272399902,0.45438042283058167,0.21426540613174438,0.5155251622200012,0.14858195185661316,0.42371320724487305,0.16811437904834747,0.3907358646392822,0.18217520415782928,0.4639582335948944,0.18688060343265533,0.5203564763069153,0.10518237948417664,0.44317975640296936,0.12428230792284012,0.3973875343799591,0.14246994256973267,0.44638949632644653,0.149688720703125,0.49078235030174255,A
0.18806180357933044,0.6043248176574707,0.24510344862937927,0.5595317482948303,0.2767646312713623,0.47104111313819885,0.2711181640625,0.3993603587150574,0.27395325899124146,0.33717280626296997,0.23864248394966125,0.4126911759376526,0.2575198709964752,0.38538694381713867,0.2590338885784149,0.44294530153274536,0.256153404712677,0.497018039226532,0.2006552368402481,0.4144928455352783,0.22591999173164368,0.3806133568286896,0.228858083486557,0.45320606231689453,0.22683677077293396,0.5129706859588623,0.1612534523010254,0.42297282814979553,0.18395887315273285,0.38966619968414307,0.19556595385074615,0.4609578251838684,0.1995689570903778,0.5165395140647888,0.119322270154953,0.4407755136489868,0.1390208750963211,0.39512357115745544,0.15753522515296936,0.4423113167285919,0.16617915034294128,0.48689717054367065,A
0.17724312841892242,0.5977164506912231,0.2353259027004242,0.5531579852104187,0.2660353481769562,0.468254953622818,0.2623350918292999,0.39724594354629517,0.2658952474594116,0.3363664448261261,0.22571131587028503,0.40964728593826294,0.24300722777843475,0.38431257009506226,0.24560615420341492,0.4419487714767456,0.24353420734405518,0.4958619177341461,0.1885133534669876,0.4117056131362915,0.21346332132816315,0.3804810643196106,0.21685978770256042,0.4522612392902374,0.21456970274448395,0.5107375979423523,0.14982843399047852,0.42069560289382935,0.17379631102085114,0.38852620124816895,0.18459928035736084,0.45948508381843567,0.1871766895055771,0.5147680044174194,0.10876085609197617,0.43890318274497986,0.12976790964603424,0.3930707275867462,0.14596602320671082,0.43927299976348877,0.15245096385478973,0.48326051235198975,A
